ID,Historia,Como…,Quiero…,Para…,Épica,Prioridad (MoSCoW),Puntos,Estado,Versión,Requisitos,Criterios de aceptación
HU-01,"Ver titulares del mundo","lector","ver los titulares internacionales al abrir la app","enterarme de lo más importante sin configurar nada","Feed de noticias","Must",5,"Hecho","0.1.0","RF-14, RF-22","Dado que abro /, cuando carga, entonces veo una noticia destacada y una rejilla de titulares sin duplicados."
HU-02,"Proxy seguro hacia NewsAPI","desarrollador","que el navegador consulte un proxy propio","no exponer la API key","Plataforma y seguridad","Must",5,"Hecho","0.1.0","RF-34","La key no aparece en el bundle; endpoint no permitido devuelve 400; sin key devuelve 401."
HU-03,"Globo 3D navegable","lector","girar y acercar un globo terráqueo","explorar el planeta de forma visual","Exploración geográfica","Must",13,"Hecho","0.1.0","RF-01, RF-08","Puedo arrastrar, hacer zoom con rueda o botones; sin WebGL veo una alternativa."
HU-04,"Elegir país en el globo","lector","hacer clic en un país del globo","ver sus noticias","Exploración geográfica","Must",8,"Hecho","0.1.0","RF-02, RF-03, RF-04","Al hacer clic, la cámara vuela al país, se ilumina y el feed cambia."
HU-05,"Noticias de un país","lector","ver titulares del país elegido aunque el proveedor no tenga portada oficial","no encontrarme páginas vacías","Feed de noticias","Must",8,"Hecho","0.1.0","RF-15","Si no hay titulares oficiales se muestran artículos que mencionan el país y el subtítulo lo indica."
HU-06,"Selector de lugar accesible","lector que usa teclado","buscar un país o región en una lista","no depender del globo","Exploración geográfica","Must",5,"Hecho","0.1.0","RF-09","Puedo abrir el selector, escribir «colom», bajar con flechas y confirmar con Enter."
HU-07,"Explorar por región","lector","elegir un continente o región","ver noticias de una zona amplia","Exploración geográfica","Should",5,"Hecho","0.1.0","RF-10, RF-16","Hay 7 regiones en la barra lateral y en chips; se iluminan todos sus países."
HU-08,"Explorar por ciudad","lector","elegir una ciudad principal de un país","ver noticias locales","Exploración geográfica","Could",5,"Hecho","0.1.0","RF-11, RF-16","En la vista de país aparecen chips de ciudades; cada una abre /c/xx/ciudad."
HU-09,"Compartir un lugar por enlace","lector","que el lugar esté en la URL","compartirlo y usar atrás/adelante","Exploración geográfica","Must",3,"Hecho","0.1.0","RF-12, RF-13","Abrir un enlace con lugar y categoría carga esa vista; un lugar inválido muestra No encontrada."
HU-10,"Filtrar por categoría","lector","filtrar las noticias por tema","leer solo lo que me interesa","Feed de noticias","Must",5,"Hecho","0.1.0","RF-17","Hay 7 categorías; la elegida queda en ?cat= y puede quitarse."
HU-11,"Destacada y última hora","lector","ver resaltado el titular principal","identificar lo más importante","Feed de noticias","Should",3,"Hecho","0.1.0","RF-18","El banner dice Última hora solo si la noticia tiene menos de 3 horas."
HU-12,"Tendencias del lugar","lector","ver las noticias más populares del lugar","saber de qué se habla","Feed de noticias","Should",3,"Hecho","0.1.0","RF-19","Se listan hasta 5 tendencias numeradas."
HU-13,"Cargar más noticias","lector","ver más titulares bajo demanda","seguir leyendo sin saturar la página","Feed de noticias","Should",2,"Hecho","0.1.0","RF-20","Cada pulsación de Ver más añade 9 tarjetas."
HU-14,"Lugares de los titulares en el globo","lector","ver en el globo qué lugares mencionan los titulares","ubicar geográficamente la actualidad","Exploración geográfica","Could",8,"Hecho","0.1.0","RF-05, RF-06","Aparecen hasta 12 indicadores; al señalar un titular se enciende su lugar."
HU-15,"Orbe acompañante","lector","conservar una miniatura del planeta al desplazarme","volver al globo con un toque","Exploración geográfica","Could",5,"Hecho","0.1.0","RF-07","El orbe aparece cuando el globo sale de pantalla y vuelve arriba al pulsarlo."
HU-16,"Leer una noticia","lector","abrir una noticia en una vista de lectura","leer el resumen y saltar a la fuente","Lector y lista de lectura","Must",5,"Hecho","0.1.0","RF-23","Veo fuente, fecha, autor, imagen, extracto, progreso y botón Leer en la fuente."
HU-17,"Guardar noticias","lector","guardar noticias","leerlas después, incluso sin conexión","Lector y lista de lectura","Must",3,"Hecho","0.1.0","RF-24","El marcador alterna guardado; la página Guardados las lista y persisten al reiniciar."
HU-18,"Compartir una noticia","lector","compartir una noticia","enviarla a otras personas","Lector y lista de lectura","Should",2,"Hecho","0.1.0","RF-25","Se abre el diálogo nativo o se copia el enlace con confirmación."
HU-19,"Buscar noticias","lector","buscar por palabras clave","encontrar noticias de un tema concreto","Búsqueda","Must",5,"Hecho","0.1.0","RF-26","Desde la barra superior o /search; mínimo 2 caracteres; se muestran total y resultados."
HU-20,"Tema claro u oscuro","lector","elegir el tema visual","leer con comodidad","Experiencia y accesibilidad","Should",3,"Hecho","0.1.0","RF-28","Alterna sistema, oscuro y claro; se recuerda la elección."
HU-21,"Notificaciones en la app","lector","ver un historial de titulares principales de los lugares que visité","retomarlos después","Experiencia y accesibilidad","Could",3,"Hecho","0.1.0","RF-27","La campana muestra no leídas; puedo borrar todo."
HU-22,"Mensajes claros de estado","lector","entender qué pasa cuando algo carga, no hay resultados o falla","saber qué hacer","Experiencia y accesibilidad","Must",5,"Hecho","0.1.0","RF-29, RF-30","Hay esqueletos de carga, estados vacíos con acción y 5 tipos de error con Reintentar."
HU-23,"Resumen del lugar en móvil","lector en móvil","ver un resumen del lugar sin perder el globo","decidir si sigo leyendo","Experiencia y accesibilidad","Could",5,"Hecho","0.1.0","RF-35","La hoja inferior muestra total y 3 noticias y se cierra deslizando."
HU-24,"Instalar la app","lector","instalar NewsNow en mi dispositivo","abrirla como una app","PWA y offline","Should",3,"Hecho","0.1.0","RF-31","El navegador ofrece instalar; hay accesos directos a Buscar y Guardados."
HU-25,"Leer sin conexión","lector","consultar lo ya visto sin internet","leer en cualquier lugar","PWA y offline","Should",5,"Hecho","0.1.0","RF-32","Sin red, la portada y los guardados vistos abren desde caché."
HU-26,"Actualizar la app","lector","que me avisen de versiones nuevas","decidir cuándo actualizar","PWA y offline","Could",2,"Hecho","0.1.0","RF-33","Aparece un aviso persistente con el botón Actualizar."
HU-27,"Ahorrar cuota de la API","desarrollador","cachear y persistir las consultas","no superar 100 peticiones diarias","Plataforma y seguridad","Must",3,"Hecho","0.1.0","RNF-01, RNF-13","Volver a un lugar visitado hace menos de 10 minutos no genera petición."
HU-28,"Pruebas de la capa de datos","desarrollador","pruebas unitarias del cliente de noticias y de geografía","cambiar código con seguridad","Plataforma y seguridad","Must",3,"Hecho","0.1.0","RNF-26","npm test ejecuta 9 pruebas en verde."
HU-29,"Inicializar repositorio Git","desarrollador","versionar el proyecto en un repositorio remoto","trabajar en equipo y tener historial","Plataforma y seguridad","Must",1,"Propuesto","0.2.0","","Existe un repositorio con rama principal protegida; .env no está versionado."
HU-30,"Integración continua","desarrollador","que cada cambio ejecute tipos, pruebas y build","detectar errores antes de fusionar","Plataforma y seguridad","Should",3,"Propuesto","0.2.0","RNF-25, RNF-26","Un flujo de CI ejecuta npm run build y npm test en cada pull request."
HU-31,"Pruebas de componentes y E2E","desarrollador","pruebas de interfaz de los flujos principales","evitar regresiones visibles","Plataforma y seguridad","Should",8,"Propuesto","0.2.0","RNF-26","Hay pruebas automatizadas de seleccionar país, filtrar, guardar y buscar."
HU-32,"Buscar dentro del lugar activo","lector","limitar la búsqueda al país o región que estoy viendo","obtener resultados más relevantes","Búsqueda","Should",3,"Propuesto","0.2.0","RF-26","La función searchNews ya admite un lugar; falta conectarla a la interfaz con un interruptor."
HU-33,"Paginación en la búsqueda","lector","cargar más resultados de búsqueda","no quedarme en los primeros 30","Búsqueda","Could",3,"Propuesto","0.2.0","RF-26","Un botón Ver más pide la siguiente página con el parámetro page."
HU-34,"Límite de peticiones en el proxy","desarrollador","limitar las peticiones por cliente","que nadie agote la cuota","Plataforma y seguridad","Should",5,"Propuesto","0.2.0","RNF-11","Superado el límite, el proxy responde 429 y la app muestra el error de límite."
HU-35,"Publicación en producción","product owner","desplegar la app con un plan de NewsAPI que lo permita","que usuarios reales la usen","Plataforma y seguridad","Must",5,"Propuesto","0.3.0","RNF-29","La app está en un dominio público con NEWSAPI_KEY configurada como secreto del proveedor."
HU-36,"Filtros de fecha y fuente","lector","filtrar la búsqueda por fechas y medios","afinar los resultados","Búsqueda","Could",5,"Propuesto","0.3.0","","El proxy ya admite from, to y sources; falta la interfaz."
HU-37,"Interfaz en inglés","lector no hispanohablante","usar la app en inglés","entenderla","Experiencia y accesibilidad","Could",8,"Propuesto","0.3.0","RNF-21","Los textos se extraen a catálogos y el idioma es seleccionable."
HU-38,"Notificaciones push","lector","recibir avisos de última hora de mis lugares favoritos","enterarme sin abrir la app","PWA y offline","Won't (por ahora)",13,"Propuesto","Futuro","RF-27","Requiere backend con suscripciones; fuera del alcance actual."
HU-39,"Cuenta y sincronización","lector","sincronizar mis guardados entre dispositivos","no perder mi lista","Lector y lista de lectura","Won't (por ahora)",13,"Propuesto","Futuro","RF-24","Requiere autenticación y base de datos; fuera del alcance actual."
HU-40,"Auditoría de accesibilidad","product owner","una auditoría WCAG 2.1 AA","garantizar el acceso a todas las personas","Experiencia y accesibilidad","Should",5,"Propuesto","0.2.0","RNF-17, RNF-18","Informe con contraste, foco y lector de pantalla, y hallazgos corregidos."
