ID,Requisito,Categoría (ISO 25010),Descripción,Métrica / verificación,Prioridad,Estado
RNF-01,"Ahorro de cuota","Eficiencia de desempeño","Las consultas a NewsAPI se reutilizan para no agotar el plan gratuito.","Ninguna consulta idéntica se repite antes de 10 minutos (staleTime).","Alta","Cumplido"
RNF-02,"Carga diferida del globo","Eficiencia de desempeño","El código del globo 3D se descarga aparte del resto de la app.","Globe se importa con lazy(); la portada muestra un póster mientras llega.","Media","Cumplido"
RNF-03,"Render bajo demanda","Eficiencia de desempeño","El globo deja de dibujar cuando no está en pantalla.","El bucle de render pasa a «never» fuera del viewport, salvo 1,7 s tras un cambio.","Media","Cumplido"
RNF-04,"Adaptación al dispositivo","Eficiencia de desempeño","La calidad gráfica se ajusta al dispositivo.","Textura de 2048 px en móvil y 4096 px en escritorio; densidad de píxeles máxima 2.","Media","Cumplido"
RNF-05,"Caché en el borde","Eficiencia de desempeño","Las respuestas correctas del proxy en producción se cachean en la CDN.","Cabecera s-maxage=600, stale-while-revalidate=300 para respuestas 200; no-store para errores.","Media","Cumplido"
RNF-06,"Tiempo de espera de red","Eficiencia de desempeño","Si la red tarda, se sirve la copia en caché.","El service worker usa NetworkFirst con espera máxima de 6 s para /api/news.","Media","Cumplido"
RNF-07,"Confidencialidad de la API key","Seguridad","La key de NewsAPI nunca llega al navegador.","La variable no lleva prefijo VITE_; no aparece en dist/ ni en peticiones del cliente.","Alta","Cumplido"
RNF-08,"Lista blanca en el proxy","Seguridad","El proxy no puede usarse para llamar endpoints arbitrarios.","Solo top-headlines y everything; 11 parámetros permitidos; valores de hasta 500 caracteres.","Alta","Cumplido"
RNF-09,"Enlaces externos seguros","Seguridad","Los enlaces a las fuentes no exponen la ventana de origen.","Enlaces con target=_blank llevan rel=noopener noreferrer.","Media","Cumplido"
RNF-10,"Secretos fuera del repositorio","Seguridad","Los archivos de entorno no se versionan.",".gitignore excluye .env, .env.local y .env.*.local; existe .env.example sin valores.","Alta","Cumplido"
RNF-11,"Límite de peticiones en el proxy","Seguridad","El proxy debería limitar peticiones por cliente para proteger la cuota.","No implementado: solo existe la caché de CDN.","Media","Pendiente"
RNF-12,"Disponibilidad sin conexión","Fiabilidad","El contenido visto sigue disponible sin red.","Caché de API: 60 entradas, 24 h. Caché de imágenes: 160 entradas, 7 días. Shell precacheado.","Alta","Cumplido"
RNF-13,"Persistencia de consultas","Fiabilidad","Las respuestas sobreviven al cierre del navegador.","Caché de consultas persistida en localStorage durante 24 h con versión de invalidación.","Media","Cumplido"
RNF-14,"Tolerancia a fallos","Fiabilidad","Los fallos transitorios se reintentan sin gastar cuota de más.","Un único reintento y solo para errores de red o del servicio.","Media","Cumplido"
RNF-15,"Degradación controlada","Fiabilidad","La app sigue funcionando si faltan capacidades del navegador.","Sin WebGL: póster y selector. Sin sessionStorage: memoria. Sin Web Share: portapapeles.","Media","Cumplido"
RNF-16,"Diseño adaptable","Usabilidad","La interfaz se adapta a móvil, tableta y escritorio.","Barra lateral en escritorio; barra inferior y hoja de lugar en móvil; orientación libre.","Alta","Cumplido"
RNF-17,"Operable por teclado","Usabilidad (accesibilidad)","Todas las funciones son alcanzables sin ratón.","Enlace «Saltar al contenido», selector con flechas y Enter, Esc para cerrar o volver.","Alta","Cumplido"
RNF-18,"Semántica y ARIA","Usabilidad (accesibilidad)","La interfaz expone roles y estados a tecnologías de asistencia.","Uso de nav, main, article, role=search, combobox/listbox, progressbar, alert, status, aria-live.","Alta","Cumplido"
RNF-19,"Respeto a movimiento reducido","Usabilidad (accesibilidad)","Las animaciones se desactivan si el usuario lo pide al sistema.","Con prefers-reduced-motion no hay vuelo animado, parallax ni contador animado.","Media","Cumplido"
RNF-20,"Temas claro y oscuro","Usabilidad","La app ofrece ambos temas y sigue el del sistema por defecto.","El atributo data-theme y el meta theme-color cambian con la preferencia.","Media","Cumplido"
RNF-21,"Idioma","Usabilidad","Toda la interfaz y los mensajes de error están en español.","Revisión de textos; lang=es en el manifiesto.","Media","Cumplido"
RNF-22,"Mensajes de error accionables","Usabilidad","Cada error explica la causa y qué hacer.","5 tipos de error con título, explicación y botón Reintentar cuando aplica.","Media","Cumplido"
RNF-23,"Compatibilidad de navegadores","Compatibilidad","Funciona en las versiones actuales de Chrome, Edge, Firefox y Safari.","Prueba manual en cada navegador; el globo requiere WebGL o WebGL2.","Alta","Cumplido"
RNF-24,"PWA instalable","Compatibilidad","Cumple los criterios de instalación de una PWA.","Manifiesto con iconos 192, 512 y maskable; display standalone; service worker registrado.","Media","Cumplido"
RNF-25,"Tipado estático","Mantenibilidad","El código está escrito en TypeScript y se verifica en cada build.","npm run build ejecuta tsc --noEmit antes de empaquetar.","Alta","Cumplido"
RNF-26,"Pruebas automatizadas","Mantenibilidad","La lógica de datos y geografía tiene pruebas unitarias.","9 pruebas en Vitest. Sin pruebas de componentes ni de extremo a extremo.","Alta","Parcial"
RNF-27,"Lógica de proxy única","Mantenibilidad","Desarrollo y producción comparten el mismo código de proxy.","server/newsProxy.ts es usado por el middleware de Vite y por api/news.ts.","Media","Cumplido"
RNF-28,"Privacidad","Seguridad (privacidad)","No se recolectan ni envían datos personales.","Sin cuentas, sin analítica, sin cookies propias; preferencias y guardados solo en el dispositivo.","Alta","Cumplido"
RNF-29,"Portabilidad de despliegue","Portabilidad","La app se despliega como sitio estático más una función serverless.","dist/ estático y api/news.ts en formato Vercel; puertos configurables con PORT.","Media","Cumplido"
