ID,Requisito,Descripción,Módulo,Prioridad,Estado,Criterio de aceptación
RF-01,"Globo 3D interactivo","El sistema muestra un globo terráqueo 3D que el usuario puede girar arrastrando y acercar o alejar con la rueda, el gesto de pellizco o los botones Acercar y Alejar.","Globo 3D","Alta","Implementado","El globo responde al arrastre y a los botones de zoom; muestra una pista de uso hasta la primera interacción."
RF-02,"Seleccionar país en el globo","Al hacer clic o tocar un país del globo, ese país pasa a ser el lugar activo.","Globo 3D","Alta","Implementado","Tras el clic la URL cambia a /c/xx y el feed muestra las noticias del país."
RF-03,"Etiqueta de país al pasar el cursor","Al pasar el cursor sobre un país se muestra su bandera y nombre, y se dibuja su contorno. En táctil la etiqueta aparece un momento donde se tocó.","Globo 3D","Media","Implementado","La etiqueta sigue al cursor y desaparece al salir del globo."
RF-04,"Vuelo de cámara y resaltado","Al cambiar de lugar la cámara vuela hasta él con un zoom acorde a su tamaño y se iluminan los países que lo componen.","Globo 3D","Alta","Implementado","Para una región se iluminan todos sus países; para una ciudad el zoom es más cercano que para su país."
RF-05,"Indicadores de lugares en titulares","El globo muestra pulsos en los lugares mencionados en los titulares cargados; al acercar el cursor se muestra el lugar, cuántos titulares lo mencionan y el primero de ellos.","Globo 3D","Media","Implementado","Se muestran como máximo 12 indicadores, con tamaño proporcional al número de menciones."
RF-06,"Vínculo titular–globo","Al detener el cursor o el foco sobre un titular que menciona un lugar, ese lugar se enciende en el globo; al señalar un indicador del globo se resaltan los titulares de ese lugar.","Globo 3D","Media","Implementado","El resaltado aparece tras 150 ms y se apaga al salir; la tarjeta muestra el lugar con un icono de ubicación."
RF-07,"Orbe acompañante","Cuando el globo sale de pantalla por el desplazamiento, la barra superior muestra una miniatura viva del planeta que al pulsarse devuelve al inicio de la página.","Globo 3D","Baja","Implementado","El orbe aparece solo en la portada y muestra la etiqueta del lugar resaltado."
RF-08,"Alternativa sin WebGL","Si el navegador no admite gráficos 3D, se muestra una imagen del planeta y un mensaje que remite al selector de países.","Globo 3D","Media","Implementado","Sin WebGL la portada carga sin errores y todos los lugares siguen siendo accesibles."
RF-09,"Selector de lugar con búsqueda","Un diálogo lista Mundo, regiones y países con buscador que ignora tildes y mayúsculas y acepta nombre en español, inglés o código ISO.","Lugares","Alta","Implementado","Se puede elegir un lugar solo con teclado (flechas y Enter); sin coincidencias se muestra un mensaje."
RF-10,"Navegación por regiones","El usuario puede elegir entre 7 regiones (Norteamérica, Latinoamérica, Europa, Oriente Medio, África, Asia, Oceanía) desde la barra lateral y desde los chips del feed.","Lugares","Alta","Implementado","Cada región abre /r/id y marca su chip como activo."
RF-11,"Noticias por ciudad","En la vista de un país se listan sus ciudades principales del catálogo; al elegir una se muestran sus noticias.","Lugares","Media","Implementado","La ciudad abre /c/xx/slug y el globo se acerca a sus coordenadas."
RF-12,"Lugar en la URL","El lugar y la categoría seleccionados se reflejan en la URL para poder compartirla y usar atrás/adelante del navegador.","Lugares","Alta","Implementado","Abrir /c/co?cat=sports carga directamente Deportes de Colombia; un lugar inexistente muestra la página No encontrada."
RF-13,"Regreso a Mundo","El usuario puede volver a la vista mundial mediante migas de pan, el botón Volver a Mundo o la tecla Esc.","Lugares","Media","Implementado","Esc vuelve a Mundo solo si no hay un diálogo abierto."
RF-14,"Titulares mundiales","En la vista Mundo se muestran los titulares principales internacionales.","Noticias","Alta","Implementado","Se cargan hasta 40 titulares."
RF-15,"Titulares por país","Para un país se muestran sus titulares principales; si el proveedor no los ofrece o vienen vacíos, se muestran artículos que mencionan al país.","Noticias","Alta","Implementado","El subtítulo del feed indica si son Titulares principales o Artículos que mencionan el lugar."
RF-16,"Noticias por región y ciudad","Para regiones y ciudades se muestran los artículos más recientes que las mencionan.","Noticias","Alta","Implementado","Los resultados están en un único idioma por consulta."
RF-17,"Filtro por categoría","El usuario puede filtrar por Portada, Economía, Tecnología, Ciencia, Salud, Deportes y Cultura mediante chips o tarjetas de categoría.","Noticias","Alta","Implementado","La categoría se conserva en ?cat=; pulsar una tarjeta activa vuelve a Portada."
RF-18,"Noticia destacada y banner","El primer artículo se presenta como destacado y, en Portada, como banner etiquetado Última hora o Titular del día según su antigüedad.","Noticias","Media","Implementado","Última hora solo aparece si el artículo tiene menos de 3 horas."
RF-19,"Tendencias","Junto a la destacada se listan hasta 5 noticias en tendencia del lugar.","Noticias","Media","Implementado","Si no hay tendencias se usan artículos del propio feed o se muestra un mensaje."
RF-20,"Lo último con paginación","El resto de artículos se muestra en una rejilla de 9 en 9 con el botón Ver más noticias.","Noticias","Media","Implementado","El contador se reinicia al cambiar de lugar o categoría."
RF-21,"Estadísticas del lugar","Se muestra el total de resultados y hace cuánto se actualizaron los datos.","Noticias","Baja","Implementado","El texto «Actualizado hace…» se refresca cada 30 segundos."
RF-22,"Normalización de artículos","El sistema descarta artículos eliminados, sin URL o duplicados y limpia títulos y contenidos antes de mostrarlos.","Noticias","Alta","Implementado","No aparecen artículos «[Removed]» ni dos tarjetas con el mismo título."
RF-23,"Lector de artículo","Al abrir una noticia se muestra fuente, fecha, autor, imagen, descripción, extracto, una barra de progreso de lectura y un enlace a la fuente original.","Lector","Alta","Implementado","El enlace abre la fuente en otra pestaña; si el artículo ya no está disponible se explica y se ofrece ir a la portada."
RF-24,"Guardar para leer después","El usuario puede guardar o quitar cualquier noticia y consultarlas en la página Guardados.","Lector","Alta","Implementado","Los guardados persisten al cerrar el navegador y se abren sin conexión; la barra lateral muestra su número."
RF-25,"Compartir noticia","El usuario puede compartir una noticia con el diálogo nativo del dispositivo o, si no existe, copiando el enlace.","Lector","Media","Implementado","Se confirma con un aviso «Enlace copiado» o se informa si falló."
RF-26,"Búsqueda por palabras clave","El usuario puede buscar noticias desde la barra superior o la página Buscar, con sugerencias de temas.","Búsqueda","Alta","Implementado","Con menos de 2 caracteres no se consulta; la búsqueda queda en ?q= y muestra el total de resultados."
RF-27,"Centro de notificaciones","La app registra el titular principal de cada lugar visitado como notificación interna, con contador de no leídas y opción de borrar todo.","Interfaz","Baja","Implementado","Se guardan como máximo 30; al cerrar el panel se marcan como leídas."
RF-28,"Selector de tema","El usuario puede alternar entre tema del sistema, oscuro y claro.","Interfaz","Media","Implementado","La preferencia persiste y también cambia los colores del globo."
RF-29,"Avisos breves (toasts)","El sistema confirma acciones (cambio de lugar, guardado, copia, tema) con avisos temporales.","Interfaz","Baja","Implementado","Se muestran como máximo 3 a la vez y se cierran solos."
RF-30,"Estados de carga, vacío y error","Cada lista muestra esqueletos mientras carga, un mensaje con acción cuando no hay resultados y un mensaje específico por tipo de error con opción de reintentar.","Interfaz","Alta","Implementado","Los errores distinguen: límite de consultas, falta de key, key inválida, sin conexión y fallo del servicio."
RF-31,"Instalación como app","La aplicación puede instalarse en el dispositivo con icono propio y accesos directos a Buscar y Guardados.","PWA","Media","Implementado","El navegador ofrece instalarla y abre en ventana independiente."
RF-32,"Uso sin conexión","El contenido ya consultado (interfaz, respuestas de noticias e imágenes) está disponible sin conexión.","PWA","Alta","Implementado","Se avisa «Lista para usarse sin conexión» cuando el contenido queda en caché."
RF-33,"Aviso de nueva versión","Cuando hay una versión nueva se muestra un aviso persistente con el botón Actualizar.","PWA","Media","Implementado","La actualización solo se aplica cuando el usuario lo confirma."
RF-34,"Proxy de noticias","El servidor expone /api/news, añade la API key y reenvía solo endpoints y parámetros permitidos.","Proxy","Alta","Implementado","Un endpoint no permitido responde 400; sin key responde 401; si NewsAPI no responde, 502."
RF-35,"Resumen del lugar en móvil","En móvil, al seleccionar un lugar aparece una hoja inferior con el total y las 3 últimas noticias, que se cierra deslizando hacia abajo.","Interfaz","Baja","Implementado","El botón Ver todas las noticias cierra la hoja y desplaza al feed."
